max_val_kappa,time_this_iter_s,done,timesteps_total,episodes_total,training_iteration,trial_id,experiment_id,date,timestamp,time_total_s,pid,hostname,node_ip,time_since_restore,timesteps_since_restore,iterations_since_restore
0.0,18.938584804534912,False,,,1,7f1b7_00392,ae231d761c314f8b85bc78d1bf28b9e6,2022-02-16_06-56-33,1644990993,18.938584804534912,1815339,c4140,140.77.78.79,18.938584804534912,0,1
0.08796298503875732,6.2606120109558105,False,,,2,7f1b7_00392,ae231d761c314f8b85bc78d1bf28b9e6,2022-02-16_06-56-39,1644990999,25.199196815490723,1815339,c4140,140.77.78.79,25.199196815490723,0,2
0.08796298503875732,6.952296018600464,False,,,3,7f1b7_00392,ae231d761c314f8b85bc78d1bf28b9e6,2022-02-16_06-56-46,1644991006,32.15149283409119,1815339,c4140,140.77.78.79,32.15149283409119,0,3
0.08796298503875732,7.0659449100494385,False,,,4,7f1b7_00392,ae231d761c314f8b85bc78d1bf28b9e6,2022-02-16_06-56-53,1644991013,39.217437744140625,1815339,c4140,140.77.78.79,39.217437744140625,0,4
0.08796298503875732,6.659794807434082,False,,,5,7f1b7_00392,ae231d761c314f8b85bc78d1bf28b9e6,2022-02-16_06-57-00,1644991020,45.87723255157471,1815339,c4140,140.77.78.79,45.87723255157471,0,5
0.08796298503875732,6.583335876464844,False,,,6,7f1b7_00392,ae231d761c314f8b85bc78d1bf28b9e6,2022-02-16_06-57-07,1644991027,52.46056842803955,1815339,c4140,140.77.78.79,52.46056842803955,0,6
0.08796298503875732,6.100350379943848,False,,,7,7f1b7_00392,ae231d761c314f8b85bc78d1bf28b9e6,2022-02-16_06-57-13,1644991033,58.5609188079834,1815339,c4140,140.77.78.79,58.5609188079834,0,7
0.08796298503875732,6.472846269607544,False,,,8,7f1b7_00392,ae231d761c314f8b85bc78d1bf28b9e6,2022-02-16_06-57-19,1644991039,65.03376507759094,1815339,c4140,140.77.78.79,65.03376507759094,0,8
0.14351850748062134,5.622555494308472,False,,,9,7f1b7_00392,ae231d761c314f8b85bc78d1bf28b9e6,2022-02-16_06-57-25,1644991045,70.65632057189941,1815339,c4140,140.77.78.79,70.65632057189941,0,9
0.14351850748062134,6.2729878425598145,False,,,10,7f1b7_00392,ae231d761c314f8b85bc78d1bf28b9e6,2022-02-16_06-57-31,1644991051,76.92930841445923,1815339,c4140,140.77.78.79,76.92930841445923,0,10
0.18518519401550293,6.527185678482056,False,,,11,7f1b7_00392,ae231d761c314f8b85bc78d1bf28b9e6,2022-02-16_06-57-37,1644991057,83.45649409294128,1815339,c4140,140.77.78.79,83.45649409294128,0,11
0.18518519401550293,6.393661260604858,False,,,12,7f1b7_00392,ae231d761c314f8b85bc78d1bf28b9e6,2022-02-16_06-57-44,1644991064,89.85015535354614,1815339,c4140,140.77.78.79,89.85015535354614,0,12
0.2777777910232544,6.455044746398926,False,,,13,7f1b7_00392,ae231d761c314f8b85bc78d1bf28b9e6,2022-02-16_06-57-50,1644991070,96.30520009994507,1815339,c4140,140.77.78.79,96.30520009994507,0,13
0.2777777910232544,6.201349496841431,False,,,14,7f1b7_00392,ae231d761c314f8b85bc78d1bf28b9e6,2022-02-16_06-57-57,1644991077,102.5065495967865,1815339,c4140,140.77.78.79,102.5065495967865,0,14
0.28240740299224854,6.038316965103149,False,,,15,7f1b7_00392,ae231d761c314f8b85bc78d1bf28b9e6,2022-02-16_06-58-03,1644991083,108.54486656188965,1815339,c4140,140.77.78.79,108.54486656188965,0,15
0.28240740299224854,6.850378513336182,False,,,16,7f1b7_00392,ae231d761c314f8b85bc78d1bf28b9e6,2022-02-16_06-58-09,1644991089,115.39524507522583,1815339,c4140,140.77.78.79,115.39524507522583,0,16
0.3611111044883728,6.733684778213501,False,,,17,7f1b7_00392,ae231d761c314f8b85bc78d1bf28b9e6,2022-02-16_06-58-16,1644991096,122.12892985343933,1815339,c4140,140.77.78.79,122.12892985343933,0,17
0.3611111044883728,6.269141912460327,False,,,18,7f1b7_00392,ae231d761c314f8b85bc78d1bf28b9e6,2022-02-16_06-58-22,1644991102,128.39807176589966,1815339,c4140,140.77.78.79,128.39807176589966,0,18
0.3611111044883728,6.004230976104736,False,,,19,7f1b7_00392,ae231d761c314f8b85bc78d1bf28b9e6,2022-02-16_06-58-28,1644991108,134.4023027420044,1815339,c4140,140.77.78.79,134.4023027420044,0,19
0.3611111044883728,6.0661399364471436,False,,,20,7f1b7_00392,ae231d761c314f8b85bc78d1bf28b9e6,2022-02-16_06-58-35,1644991115,140.46844267845154,1815339,c4140,140.77.78.79,140.46844267845154,0,20
0.3981481194496155,6.773862838745117,False,,,21,7f1b7_00392,ae231d761c314f8b85bc78d1bf28b9e6,2022-02-16_06-58-41,1644991121,147.24230551719666,1815339,c4140,140.77.78.79,147.24230551719666,0,21
0.3981481194496155,7.147331714630127,False,,,22,7f1b7_00392,ae231d761c314f8b85bc78d1bf28b9e6,2022-02-16_06-58-48,1644991128,154.38963723182678,1815339,c4140,140.77.78.79,154.38963723182678,0,22
0.4166666865348816,7.210553169250488,False,,,23,7f1b7_00392,ae231d761c314f8b85bc78d1bf28b9e6,2022-02-16_06-58-56,1644991136,161.60019040107727,1815339,c4140,140.77.78.79,161.60019040107727,0,23
0.4166666865348816,6.752453327178955,False,,,24,7f1b7_00392,ae231d761c314f8b85bc78d1bf28b9e6,2022-02-16_06-59-02,1644991142,168.35264372825623,1815339,c4140,140.77.78.79,168.35264372825623,0,24
0.4166666865348816,6.883551359176636,False,,,25,7f1b7_00392,ae231d761c314f8b85bc78d1bf28b9e6,2022-02-16_06-59-09,1644991149,175.23619508743286,1815339,c4140,140.77.78.79,175.23619508743286,0,25
0.4166666865348816,6.302177667617798,False,,,26,7f1b7_00392,ae231d761c314f8b85bc78d1bf28b9e6,2022-02-16_06-59-16,1644991156,181.53837275505066,1815339,c4140,140.77.78.79,181.53837275505066,0,26
0.4166666865348816,6.855370998382568,False,,,27,7f1b7_00392,ae231d761c314f8b85bc78d1bf28b9e6,2022-02-16_06-59-22,1644991162,188.39374375343323,1815339,c4140,140.77.78.79,188.39374375343323,0,27
0.4166666865348816,6.55016827583313,False,,,28,7f1b7_00392,ae231d761c314f8b85bc78d1bf28b9e6,2022-02-16_06-59-29,1644991169,194.94391202926636,1815339,c4140,140.77.78.79,194.94391202926636,0,28
0.4166666865348816,6.657495975494385,False,,,29,7f1b7_00392,ae231d761c314f8b85bc78d1bf28b9e6,2022-02-16_06-59-36,1644991176,201.60140800476074,1815339,c4140,140.77.78.79,201.60140800476074,0,29
0.4166666865348816,6.231704235076904,False,,,30,7f1b7_00392,ae231d761c314f8b85bc78d1bf28b9e6,2022-02-16_06-59-42,1644991182,207.83311223983765,1815339,c4140,140.77.78.79,207.83311223983765,0,30
0.4722222089767456,6.95417857170105,False,,,31,7f1b7_00392,ae231d761c314f8b85bc78d1bf28b9e6,2022-02-16_06-59-49,1644991189,214.7872908115387,1815339,c4140,140.77.78.79,214.7872908115387,0,31
0.4722222089767456,6.679739713668823,False,,,32,7f1b7_00392,ae231d761c314f8b85bc78d1bf28b9e6,2022-02-16_06-59-56,1644991196,221.46703052520752,1815339,c4140,140.77.78.79,221.46703052520752,0,32
0.4722222089767456,6.325326681137085,False,,,33,7f1b7_00392,ae231d761c314f8b85bc78d1bf28b9e6,2022-02-16_07-00-02,1644991202,227.7923572063446,1815339,c4140,140.77.78.79,227.7923572063446,0,33
0.4722222089767456,6.463227033615112,False,,,34,7f1b7_00392,ae231d761c314f8b85bc78d1bf28b9e6,2022-02-16_07-00-08,1644991208,234.25558423995972,1815339,c4140,140.77.78.79,234.25558423995972,0,34
0.4722222089767456,7.160170316696167,False,,,35,7f1b7_00392,ae231d761c314f8b85bc78d1bf28b9e6,2022-02-16_07-00-15,1644991215,241.41575455665588,1815339,c4140,140.77.78.79,241.41575455665588,0,35
0.4722222089767456,5.853090047836304,False,,,36,7f1b7_00392,ae231d761c314f8b85bc78d1bf28b9e6,2022-02-16_07-00-21,1644991221,247.2688446044922,1815339,c4140,140.77.78.79,247.2688446044922,0,36
0.4722222089767456,8.77296257019043,False,,,37,7f1b7_00392,ae231d761c314f8b85bc78d1bf28b9e6,2022-02-16_07-00-30,1644991230,256.0418071746826,1815339,c4140,140.77.78.79,256.0418071746826,0,37
0.4722222089767456,6.514911651611328,False,,,38,7f1b7_00392,ae231d761c314f8b85bc78d1bf28b9e6,2022-02-16_07-00-37,1644991237,262.55671882629395,1815339,c4140,140.77.78.79,262.55671882629395,0,38
0.4722222089767456,6.108647108078003,False,,,39,7f1b7_00392,ae231d761c314f8b85bc78d1bf28b9e6,2022-02-16_07-00-43,1644991243,268.66536593437195,1815339,c4140,140.77.78.79,268.66536593437195,0,39
0.4722222089767456,6.348284006118774,False,,,40,7f1b7_00392,ae231d761c314f8b85bc78d1bf28b9e6,2022-02-16_07-00-49,1644991249,275.0136499404907,1815339,c4140,140.77.78.79,275.0136499404907,0,40
0.4722222089767456,6.270800590515137,False,,,41,7f1b7_00392,ae231d761c314f8b85bc78d1bf28b9e6,2022-02-16_07-00-55,1644991255,281.28445053100586,1815339,c4140,140.77.78.79,281.28445053100586,0,41
0.4722222089767456,6.8112053871154785,False,,,42,7f1b7_00392,ae231d761c314f8b85bc78d1bf28b9e6,2022-02-16_07-01-02,1644991262,288.09565591812134,1815339,c4140,140.77.78.79,288.09565591812134,0,42
0.4722222089767456,5.985888719558716,False,,,43,7f1b7_00392,ae231d761c314f8b85bc78d1bf28b9e6,2022-02-16_07-01-08,1644991268,294.08154463768005,1815339,c4140,140.77.78.79,294.08154463768005,0,43
0.4722222089767456,6.859027624130249,False,,,44,7f1b7_00392,ae231d761c314f8b85bc78d1bf28b9e6,2022-02-16_07-01-15,1644991275,300.9405722618103,1815339,c4140,140.77.78.79,300.9405722618103,0,44
0.4722222089767456,6.627431392669678,False,,,45,7f1b7_00392,ae231d761c314f8b85bc78d1bf28b9e6,2022-02-16_07-01-22,1644991282,307.56800365448,1815339,c4140,140.77.78.79,307.56800365448,0,45
0.4722222089767456,6.769855976104736,False,,,46,7f1b7_00392,ae231d761c314f8b85bc78d1bf28b9e6,2022-02-16_07-01-28,1644991288,314.3378596305847,1815339,c4140,140.77.78.79,314.3378596305847,0,46
0.4722222089767456,6.614430904388428,False,,,47,7f1b7_00392,ae231d761c314f8b85bc78d1bf28b9e6,2022-02-16_07-01-35,1644991295,320.95229053497314,1815339,c4140,140.77.78.79,320.95229053497314,0,47
0.4722222089767456,6.420395612716675,False,,,48,7f1b7_00392,ae231d761c314f8b85bc78d1bf28b9e6,2022-02-16_07-01-41,1644991301,327.3726861476898,1815339,c4140,140.77.78.79,327.3726861476898,0,48
0.4722222089767456,6.036822080612183,False,,,49,7f1b7_00392,ae231d761c314f8b85bc78d1bf28b9e6,2022-02-16_07-01-47,1644991307,333.409508228302,1815339,c4140,140.77.78.79,333.409508228302,0,49
0.4722222089767456,6.370737314224243,False,,,50,7f1b7_00392,ae231d761c314f8b85bc78d1bf28b9e6,2022-02-16_07-01-54,1644991314,339.78024554252625,1815339,c4140,140.77.78.79,339.78024554252625,0,50
0.4722222089767456,6.5906031131744385,False,,,51,7f1b7_00392,ae231d761c314f8b85bc78d1bf28b9e6,2022-02-16_07-02-00,1644991320,346.3708486557007,1815339,c4140,140.77.78.79,346.3708486557007,0,51
0.4722222089767456,6.080797433853149,False,,,52,7f1b7_00392,ae231d761c314f8b85bc78d1bf28b9e6,2022-02-16_07-02-06,1644991326,352.45164608955383,1815339,c4140,140.77.78.79,352.45164608955383,0,52
0.4722222089767456,6.395549058914185,False,,,53,7f1b7_00392,ae231d761c314f8b85bc78d1bf28b9e6,2022-02-16_07-02-13,1644991333,358.847195148468,1815339,c4140,140.77.78.79,358.847195148468,0,53
0.4722222089767456,6.287268400192261,False,,,54,7f1b7_00392,ae231d761c314f8b85bc78d1bf28b9e6,2022-02-16_07-02-19,1644991339,365.1344635486603,1815339,c4140,140.77.78.79,365.1344635486603,0,54
0.4722222089767456,5.918745756149292,False,,,55,7f1b7_00392,ae231d761c314f8b85bc78d1bf28b9e6,2022-02-16_07-02-25,1644991345,371.05320930480957,1815339,c4140,140.77.78.79,371.05320930480957,0,55
0.4722222089767456,6.2224321365356445,False,,,56,7f1b7_00392,ae231d761c314f8b85bc78d1bf28b9e6,2022-02-16_07-02-31,1644991351,377.2756414413452,1815339,c4140,140.77.78.79,377.2756414413452,0,56
0.4722222089767456,5.540879011154175,False,,,57,7f1b7_00392,ae231d761c314f8b85bc78d1bf28b9e6,2022-02-16_07-02-37,1644991357,382.8165204524994,1815339,c4140,140.77.78.79,382.8165204524994,0,57
0.4722222089767456,6.141997337341309,False,,,58,7f1b7_00392,ae231d761c314f8b85bc78d1bf28b9e6,2022-02-16_07-02-43,1644991363,388.9585177898407,1815339,c4140,140.77.78.79,388.9585177898407,0,58
0.4722222089767456,6.593520641326904,False,,,59,7f1b7_00392,ae231d761c314f8b85bc78d1bf28b9e6,2022-02-16_07-02-50,1644991370,395.5520384311676,1815339,c4140,140.77.78.79,395.5520384311676,0,59
0.4722222089767456,6.449011564254761,False,,,60,7f1b7_00392,ae231d761c314f8b85bc78d1bf28b9e6,2022-02-16_07-02-56,1644991376,402.00104999542236,1815339,c4140,140.77.78.79,402.00104999542236,0,60
0.4722222089767456,6.738602161407471,False,,,61,7f1b7_00392,ae231d761c314f8b85bc78d1bf28b9e6,2022-02-16_07-03-03,1644991383,408.73965215682983,1815339,c4140,140.77.78.79,408.73965215682983,0,61
0.4722222089767456,6.501346588134766,False,,,62,7f1b7_00392,ae231d761c314f8b85bc78d1bf28b9e6,2022-02-16_07-03-09,1644991389,415.2409987449646,1815339,c4140,140.77.78.79,415.2409987449646,0,62
0.4722222089767456,6.573608875274658,False,,,63,7f1b7_00392,ae231d761c314f8b85bc78d1bf28b9e6,2022-02-16_07-03-16,1644991396,421.81460762023926,1815339,c4140,140.77.78.79,421.81460762023926,0,63
0.4722222089767456,7.210136890411377,False,,,64,7f1b7_00392,ae231d761c314f8b85bc78d1bf28b9e6,2022-02-16_07-03-23,1644991403,429.02474451065063,1815339,c4140,140.77.78.79,429.02474451065063,0,64
0.4722222089767456,6.774124622344971,False,,,65,7f1b7_00392,ae231d761c314f8b85bc78d1bf28b9e6,2022-02-16_07-03-30,1644991410,435.7988691329956,1815339,c4140,140.77.78.79,435.7988691329956,0,65
0.4722222089767456,6.663533926010132,False,,,66,7f1b7_00392,ae231d761c314f8b85bc78d1bf28b9e6,2022-02-16_07-03-37,1644991417,442.46240305900574,1815339,c4140,140.77.78.79,442.46240305900574,0,66
0.4722222089767456,6.852359771728516,False,,,67,7f1b7_00392,ae231d761c314f8b85bc78d1bf28b9e6,2022-02-16_07-03-43,1644991423,449.31476283073425,1815339,c4140,140.77.78.79,449.31476283073425,0,67
0.4722222089767456,6.398665904998779,False,,,68,7f1b7_00392,ae231d761c314f8b85bc78d1bf28b9e6,2022-02-16_07-03-50,1644991430,455.71342873573303,1815339,c4140,140.77.78.79,455.71342873573303,0,68
0.4722222089767456,6.944920063018799,False,,,69,7f1b7_00392,ae231d761c314f8b85bc78d1bf28b9e6,2022-02-16_07-03-57,1644991437,462.65834879875183,1815339,c4140,140.77.78.79,462.65834879875183,0,69
0.4722222089767456,6.862836122512817,False,,,70,7f1b7_00392,ae231d761c314f8b85bc78d1bf28b9e6,2022-02-16_07-04-04,1644991444,469.52118492126465,1815339,c4140,140.77.78.79,469.52118492126465,0,70
0.4722222089767456,6.852598428726196,False,,,71,7f1b7_00392,ae231d761c314f8b85bc78d1bf28b9e6,2022-02-16_07-04-10,1644991450,476.37378334999084,1815339,c4140,140.77.78.79,476.37378334999084,0,71
0.4722222089767456,6.6307902336120605,False,,,72,7f1b7_00392,ae231d761c314f8b85bc78d1bf28b9e6,2022-02-16_07-04-17,1644991457,483.0045735836029,1815339,c4140,140.77.78.79,483.0045735836029,0,72
0.4722222089767456,6.656402111053467,False,,,73,7f1b7_00392,ae231d761c314f8b85bc78d1bf28b9e6,2022-02-16_07-04-24,1644991464,489.6609756946564,1815339,c4140,140.77.78.79,489.6609756946564,0,73
0.4722222089767456,6.851761341094971,False,,,74,7f1b7_00392,ae231d761c314f8b85bc78d1bf28b9e6,2022-02-16_07-04-31,1644991471,496.51273703575134,1815339,c4140,140.77.78.79,496.51273703575134,0,74
0.4722222089767456,6.822413444519043,False,,,75,7f1b7_00392,ae231d761c314f8b85bc78d1bf28b9e6,2022-02-16_07-04-37,1644991477,503.3351504802704,1815339,c4140,140.77.78.79,503.3351504802704,0,75
0.4722222089767456,6.945202350616455,False,,,76,7f1b7_00392,ae231d761c314f8b85bc78d1bf28b9e6,2022-02-16_07-04-44,1644991484,510.28035283088684,1815339,c4140,140.77.78.79,510.28035283088684,0,76
0.4722222089767456,6.800764560699463,False,,,77,7f1b7_00392,ae231d761c314f8b85bc78d1bf28b9e6,2022-02-16_07-04-51,1644991491,517.0811173915863,1815339,c4140,140.77.78.79,517.0811173915863,0,77
0.4722222089767456,6.025200128555298,False,,,78,7f1b7_00392,ae231d761c314f8b85bc78d1bf28b9e6,2022-02-16_07-04-57,1644991497,523.1063175201416,1815339,c4140,140.77.78.79,523.1063175201416,0,78
0.4722222089767456,6.343442440032959,False,,,79,7f1b7_00392,ae231d761c314f8b85bc78d1bf28b9e6,2022-02-16_07-05-03,1644991503,529.4497599601746,1815339,c4140,140.77.78.79,529.4497599601746,0,79
0.4722222089767456,6.354629755020142,False,,,80,7f1b7_00392,ae231d761c314f8b85bc78d1bf28b9e6,2022-02-16_07-05-10,1644991510,535.8043897151947,1815339,c4140,140.77.78.79,535.8043897151947,0,80
0.4722222089767456,6.3664937019348145,False,,,81,7f1b7_00392,ae231d761c314f8b85bc78d1bf28b9e6,2022-02-16_07-05-16,1644991516,542.1708834171295,1815339,c4140,140.77.78.79,542.1708834171295,0,81
0.4722222089767456,6.133051633834839,False,,,82,7f1b7_00392,ae231d761c314f8b85bc78d1bf28b9e6,2022-02-16_07-05-22,1644991522,548.3039350509644,1815339,c4140,140.77.78.79,548.3039350509644,0,82
0.4722222089767456,6.847367286682129,False,,,83,7f1b7_00392,ae231d761c314f8b85bc78d1bf28b9e6,2022-02-16_07-05-29,1644991529,555.1513023376465,1815339,c4140,140.77.78.79,555.1513023376465,0,83
0.4722222089767456,6.351660966873169,False,,,84,7f1b7_00392,ae231d761c314f8b85bc78d1bf28b9e6,2022-02-16_07-05-36,1644991536,561.5029633045197,1815339,c4140,140.77.78.79,561.5029633045197,0,84
0.4722222089767456,6.657622337341309,False,,,85,7f1b7_00392,ae231d761c314f8b85bc78d1bf28b9e6,2022-02-16_07-05-42,1644991542,568.160585641861,1815339,c4140,140.77.78.79,568.160585641861,0,85
0.4722222089767456,6.331777334213257,False,,,86,7f1b7_00392,ae231d761c314f8b85bc78d1bf28b9e6,2022-02-16_07-05-49,1644991549,574.4923629760742,1815339,c4140,140.77.78.79,574.4923629760742,0,86
0.4722222089767456,6.585110902786255,False,,,87,7f1b7_00392,ae231d761c314f8b85bc78d1bf28b9e6,2022-02-16_07-05-55,1644991555,581.0774738788605,1815339,c4140,140.77.78.79,581.0774738788605,0,87
0.4722222089767456,6.874711275100708,False,,,88,7f1b7_00392,ae231d761c314f8b85bc78d1bf28b9e6,2022-02-16_07-06-02,1644991562,587.9521851539612,1815339,c4140,140.77.78.79,587.9521851539612,0,88
0.4722222089767456,6.583293676376343,False,,,89,7f1b7_00392,ae231d761c314f8b85bc78d1bf28b9e6,2022-02-16_07-06-09,1644991569,594.5354788303375,1815339,c4140,140.77.78.79,594.5354788303375,0,89
0.4722222089767456,6.803347110748291,False,,,90,7f1b7_00392,ae231d761c314f8b85bc78d1bf28b9e6,2022-02-16_07-06-15,1644991575,601.3388259410858,1815339,c4140,140.77.78.79,601.3388259410858,0,90
0.4722222089767456,6.6188342571258545,False,,,91,7f1b7_00392,ae231d761c314f8b85bc78d1bf28b9e6,2022-02-16_07-06-22,1644991582,607.9576601982117,1815339,c4140,140.77.78.79,607.9576601982117,0,91
0.4722222089767456,6.4307310581207275,False,,,92,7f1b7_00392,ae231d761c314f8b85bc78d1bf28b9e6,2022-02-16_07-06-28,1644991588,614.3883912563324,1815339,c4140,140.77.78.79,614.3883912563324,0,92
0.4722222089767456,6.143749475479126,False,,,93,7f1b7_00392,ae231d761c314f8b85bc78d1bf28b9e6,2022-02-16_07-06-35,1644991595,620.5321407318115,1815339,c4140,140.77.78.79,620.5321407318115,0,93
0.4722222089767456,6.445770740509033,False,,,94,7f1b7_00392,ae231d761c314f8b85bc78d1bf28b9e6,2022-02-16_07-06-41,1644991601,626.9779114723206,1815339,c4140,140.77.78.79,626.9779114723206,0,94
0.4722222089767456,6.5967841148376465,False,,,95,7f1b7_00392,ae231d761c314f8b85bc78d1bf28b9e6,2022-02-16_07-06-48,1644991608,633.5746955871582,1815339,c4140,140.77.78.79,633.5746955871582,0,95
0.4722222089767456,6.651313543319702,False,,,96,7f1b7_00392,ae231d761c314f8b85bc78d1bf28b9e6,2022-02-16_07-06-54,1644991614,640.2260091304779,1815339,c4140,140.77.78.79,640.2260091304779,0,96
0.4722222089767456,6.5309157371521,False,,,97,7f1b7_00392,ae231d761c314f8b85bc78d1bf28b9e6,2022-02-16_07-07-01,1644991621,646.75692486763,1815339,c4140,140.77.78.79,646.75692486763,0,97
0.4722222089767456,6.170562267303467,False,,,98,7f1b7_00392,ae231d761c314f8b85bc78d1bf28b9e6,2022-02-16_07-07-07,1644991627,652.9274871349335,1815339,c4140,140.77.78.79,652.9274871349335,0,98
0.4722222089767456,6.554225444793701,False,,,99,7f1b7_00392,ae231d761c314f8b85bc78d1bf28b9e6,2022-02-16_07-07-14,1644991634,659.4817125797272,1815339,c4140,140.77.78.79,659.4817125797272,0,99
0.4722222089767456,6.4459850788116455,False,,,100,7f1b7_00392,ae231d761c314f8b85bc78d1bf28b9e6,2022-02-16_07-07-20,1644991640,665.9276976585388,1815339,c4140,140.77.78.79,665.9276976585388,0,100
0.4722222089767456,6.7141242027282715,False,,,101,7f1b7_00392,ae231d761c314f8b85bc78d1bf28b9e6,2022-02-16_07-07-27,1644991647,672.6418218612671,1815339,c4140,140.77.78.79,672.6418218612671,0,101
0.4722222089767456,6.471556186676025,False,,,102,7f1b7_00392,ae231d761c314f8b85bc78d1bf28b9e6,2022-02-16_07-07-33,1644991653,679.1133780479431,1815339,c4140,140.77.78.79,679.1133780479431,0,102
0.4722222089767456,6.187196969985962,False,,,103,7f1b7_00392,ae231d761c314f8b85bc78d1bf28b9e6,2022-02-16_07-07-39,1644991659,685.3005750179291,1815339,c4140,140.77.78.79,685.3005750179291,0,103
0.4722222089767456,6.919266939163208,False,,,104,7f1b7_00392,ae231d761c314f8b85bc78d1bf28b9e6,2022-02-16_07-07-46,1644991666,692.2198419570923,1815339,c4140,140.77.78.79,692.2198419570923,0,104
0.4722222089767456,6.31659460067749,False,,,105,7f1b7_00392,ae231d761c314f8b85bc78d1bf28b9e6,2022-02-16_07-07-53,1644991673,698.5364365577698,1815339,c4140,140.77.78.79,698.5364365577698,0,105
0.4722222089767456,7.096388101577759,False,,,106,7f1b7_00392,ae231d761c314f8b85bc78d1bf28b9e6,2022-02-16_07-08-00,1644991680,705.6328246593475,1815339,c4140,140.77.78.79,705.6328246593475,0,106
0.4722222089767456,6.526160717010498,False,,,107,7f1b7_00392,ae231d761c314f8b85bc78d1bf28b9e6,2022-02-16_07-08-06,1644991686,712.158985376358,1815339,c4140,140.77.78.79,712.158985376358,0,107
0.4722222089767456,7.036907911300659,False,,,108,7f1b7_00392,ae231d761c314f8b85bc78d1bf28b9e6,2022-02-16_07-08-13,1644991693,719.1958932876587,1815339,c4140,140.77.78.79,719.1958932876587,0,108
0.4722222089767456,7.21910548210144,False,,,109,7f1b7_00392,ae231d761c314f8b85bc78d1bf28b9e6,2022-02-16_07-08-20,1644991700,726.4149987697601,1815339,c4140,140.77.78.79,726.4149987697601,0,109
0.4722222089767456,6.497252941131592,False,,,110,7f1b7_00392,ae231d761c314f8b85bc78d1bf28b9e6,2022-02-16_07-08-27,1644991707,732.9122517108917,1815339,c4140,140.77.78.79,732.9122517108917,0,110
0.4722222089767456,6.318398475646973,False,,,111,7f1b7_00392,ae231d761c314f8b85bc78d1bf28b9e6,2022-02-16_07-08-33,1644991713,739.2306501865387,1815339,c4140,140.77.78.79,739.2306501865387,0,111
0.4722222089767456,6.908056259155273,False,,,112,7f1b7_00392,ae231d761c314f8b85bc78d1bf28b9e6,2022-02-16_07-08-40,1644991720,746.138706445694,1815339,c4140,140.77.78.79,746.138706445694,0,112
0.4722222089767456,6.75316596031189,False,,,113,7f1b7_00392,ae231d761c314f8b85bc78d1bf28b9e6,2022-02-16_07-08-47,1644991727,752.8918724060059,1815339,c4140,140.77.78.79,752.8918724060059,0,113
0.4722222089767456,6.657557010650635,False,,,114,7f1b7_00392,ae231d761c314f8b85bc78d1bf28b9e6,2022-02-16_07-08-54,1644991734,759.5494294166565,1815339,c4140,140.77.78.79,759.5494294166565,0,114
0.4722222089767456,6.869602918624878,False,,,115,7f1b7_00392,ae231d761c314f8b85bc78d1bf28b9e6,2022-02-16_07-09-00,1644991740,766.4190323352814,1815339,c4140,140.77.78.79,766.4190323352814,0,115
0.4722222089767456,6.426303386688232,False,,,116,7f1b7_00392,ae231d761c314f8b85bc78d1bf28b9e6,2022-02-16_07-09-07,1644991747,772.8453357219696,1815339,c4140,140.77.78.79,772.8453357219696,0,116
0.4722222089767456,6.605915307998657,False,,,117,7f1b7_00392,ae231d761c314f8b85bc78d1bf28b9e6,2022-02-16_07-09-13,1644991753,779.4512510299683,1815339,c4140,140.77.78.79,779.4512510299683,0,117
0.4722222089767456,6.763975381851196,False,,,118,7f1b7_00392,ae231d761c314f8b85bc78d1bf28b9e6,2022-02-16_07-09-20,1644991760,786.2152264118195,1815339,c4140,140.77.78.79,786.2152264118195,0,118
0.4722222089767456,7.01897406578064,False,,,119,7f1b7_00392,ae231d761c314f8b85bc78d1bf28b9e6,2022-02-16_07-09-27,1644991767,793.2342004776001,1815339,c4140,140.77.78.79,793.2342004776001,0,119
0.4722222089767456,6.744895935058594,False,,,120,7f1b7_00392,ae231d761c314f8b85bc78d1bf28b9e6,2022-02-16_07-09-34,1644991774,799.9790964126587,1815339,c4140,140.77.78.79,799.9790964126587,0,120
0.4722222089767456,6.806282043457031,False,,,121,7f1b7_00392,ae231d761c314f8b85bc78d1bf28b9e6,2022-02-16_07-09-41,1644991781,806.7853784561157,1815339,c4140,140.77.78.79,806.7853784561157,0,121
0.4722222089767456,6.810669660568237,False,,,122,7f1b7_00392,ae231d761c314f8b85bc78d1bf28b9e6,2022-02-16_07-09-48,1644991788,813.596048116684,1815339,c4140,140.77.78.79,813.596048116684,0,122
0.4722222089767456,6.546355247497559,False,,,123,7f1b7_00392,ae231d761c314f8b85bc78d1bf28b9e6,2022-02-16_07-09-54,1644991794,820.1424033641815,1815339,c4140,140.77.78.79,820.1424033641815,0,123
0.4722222089767456,5.565917253494263,False,,,124,7f1b7_00392,ae231d761c314f8b85bc78d1bf28b9e6,2022-02-16_07-10-00,1644991800,825.7083206176758,1815339,c4140,140.77.78.79,825.7083206176758,0,124
0.4722222089767456,9.35621166229248,False,,,125,7f1b7_00392,ae231d761c314f8b85bc78d1bf28b9e6,2022-02-16_07-10-09,1644991809,835.0645322799683,1815339,c4140,140.77.78.79,835.0645322799683,0,125
0.4722222089767456,6.849311828613281,False,,,126,7f1b7_00392,ae231d761c314f8b85bc78d1bf28b9e6,2022-02-16_07-10-16,1644991816,841.9138441085815,1815339,c4140,140.77.78.79,841.9138441085815,0,126
0.4722222089767456,6.650894641876221,False,,,127,7f1b7_00392,ae231d761c314f8b85bc78d1bf28b9e6,2022-02-16_07-10-23,1644991823,848.5647387504578,1815339,c4140,140.77.78.79,848.5647387504578,0,127
0.4722222089767456,7.046083688735962,False,,,128,7f1b7_00392,ae231d761c314f8b85bc78d1bf28b9e6,2022-02-16_07-10-30,1644991830,855.6108224391937,1815339,c4140,140.77.78.79,855.6108224391937,0,128
0.4722222089767456,6.919910192489624,False,,,129,7f1b7_00392,ae231d761c314f8b85bc78d1bf28b9e6,2022-02-16_07-10-37,1644991837,862.5307326316833,1815339,c4140,140.77.78.79,862.5307326316833,0,129
0.4722222089767456,6.530374765396118,False,,,130,7f1b7_00392,ae231d761c314f8b85bc78d1bf28b9e6,2022-02-16_07-10-43,1644991843,869.0611073970795,1815339,c4140,140.77.78.79,869.0611073970795,0,130
0.4722222089767456,6.502703428268433,False,,,131,7f1b7_00392,ae231d761c314f8b85bc78d1bf28b9e6,2022-02-16_07-10-50,1644991850,875.5638108253479,1815339,c4140,140.77.78.79,875.5638108253479,0,131
0.4722222089767456,7.290407180786133,False,,,132,7f1b7_00392,ae231d761c314f8b85bc78d1bf28b9e6,2022-02-16_07-10-57,1644991857,882.854218006134,1815339,c4140,140.77.78.79,882.854218006134,0,132
0.4722222089767456,6.5841546058654785,False,,,133,7f1b7_00392,ae231d761c314f8b85bc78d1bf28b9e6,2022-02-16_07-11-03,1644991863,889.4383726119995,1815339,c4140,140.77.78.79,889.4383726119995,0,133
0.4722222089767456,6.5278401374816895,False,,,134,7f1b7_00392,ae231d761c314f8b85bc78d1bf28b9e6,2022-02-16_07-11-10,1644991870,895.9662127494812,1815339,c4140,140.77.78.79,895.9662127494812,0,134
0.4722222089767456,6.051124334335327,False,,,135,7f1b7_00392,ae231d761c314f8b85bc78d1bf28b9e6,2022-02-16_07-11-16,1644991876,902.0173370838165,1815339,c4140,140.77.78.79,902.0173370838165,0,135
0.4722222089767456,6.731419324874878,False,,,136,7f1b7_00392,ae231d761c314f8b85bc78d1bf28b9e6,2022-02-16_07-11-23,1644991883,908.7487564086914,1815339,c4140,140.77.78.79,908.7487564086914,0,136
0.4722222089767456,6.731746435165405,False,,,137,7f1b7_00392,ae231d761c314f8b85bc78d1bf28b9e6,2022-02-16_07-11-30,1644991890,915.4805028438568,1815339,c4140,140.77.78.79,915.4805028438568,0,137
0.4722222089767456,6.741384744644165,False,,,138,7f1b7_00392,ae231d761c314f8b85bc78d1bf28b9e6,2022-02-16_07-11-36,1644991896,922.221887588501,1815339,c4140,140.77.78.79,922.221887588501,0,138
0.4722222089767456,6.5477070808410645,False,,,139,7f1b7_00392,ae231d761c314f8b85bc78d1bf28b9e6,2022-02-16_07-11-43,1644991903,928.769594669342,1815339,c4140,140.77.78.79,928.769594669342,0,139
0.4722222089767456,6.705336093902588,False,,,140,7f1b7_00392,ae231d761c314f8b85bc78d1bf28b9e6,2022-02-16_07-11-50,1644991910,935.4749307632446,1815339,c4140,140.77.78.79,935.4749307632446,0,140
0.4722222089767456,6.699309349060059,False,,,141,7f1b7_00392,ae231d761c314f8b85bc78d1bf28b9e6,2022-02-16_07-11-56,1644991916,942.1742401123047,1815339,c4140,140.77.78.79,942.1742401123047,0,141
0.4722222089767456,6.353145122528076,False,,,142,7f1b7_00392,ae231d761c314f8b85bc78d1bf28b9e6,2022-02-16_07-12-03,1644991923,948.5273852348328,1815339,c4140,140.77.78.79,948.5273852348328,0,142
0.4722222089767456,6.414562702178955,False,,,143,7f1b7_00392,ae231d761c314f8b85bc78d1bf28b9e6,2022-02-16_07-12-09,1644991929,954.9419479370117,1815339,c4140,140.77.78.79,954.9419479370117,0,143
0.4722222089767456,6.888843536376953,False,,,144,7f1b7_00392,ae231d761c314f8b85bc78d1bf28b9e6,2022-02-16_07-12-16,1644991936,961.8307914733887,1815339,c4140,140.77.78.79,961.8307914733887,0,144
0.4722222089767456,6.67833685874939,False,,,145,7f1b7_00392,ae231d761c314f8b85bc78d1bf28b9e6,2022-02-16_07-12-23,1644991943,968.5091283321381,1815339,c4140,140.77.78.79,968.5091283321381,0,145
0.4722222089767456,6.664945840835571,False,,,146,7f1b7_00392,ae231d761c314f8b85bc78d1bf28b9e6,2022-02-16_07-12-29,1644991949,975.1740741729736,1815339,c4140,140.77.78.79,975.1740741729736,0,146
0.4722222089767456,6.474702835083008,False,,,147,7f1b7_00392,ae231d761c314f8b85bc78d1bf28b9e6,2022-02-16_07-12-36,1644991956,981.6487770080566,1815339,c4140,140.77.78.79,981.6487770080566,0,147
0.4722222089767456,6.466238737106323,False,,,148,7f1b7_00392,ae231d761c314f8b85bc78d1bf28b9e6,2022-02-16_07-12-42,1644991962,988.115015745163,1815339,c4140,140.77.78.79,988.115015745163,0,148
0.4722222089767456,6.241750478744507,False,,,149,7f1b7_00392,ae231d761c314f8b85bc78d1bf28b9e6,2022-02-16_07-12-48,1644991968,994.3567662239075,1815339,c4140,140.77.78.79,994.3567662239075,0,149
0.4722222089767456,6.979268550872803,False,,,150,7f1b7_00392,ae231d761c314f8b85bc78d1bf28b9e6,2022-02-16_07-12-55,1644991975,1001.3360347747803,1815339,c4140,140.77.78.79,1001.3360347747803,0,150
0.4722222089767456,6.413972854614258,False,,,151,7f1b7_00392,ae231d761c314f8b85bc78d1bf28b9e6,2022-02-16_07-13-02,1644991982,1007.7500076293945,1815339,c4140,140.77.78.79,1007.7500076293945,0,151
0.4722222089767456,6.560863256454468,False,,,152,7f1b7_00392,ae231d761c314f8b85bc78d1bf28b9e6,2022-02-16_07-13-08,1644991988,1014.310870885849,1815339,c4140,140.77.78.79,1014.310870885849,0,152
0.4722222089767456,6.460627555847168,False,,,153,7f1b7_00392,ae231d761c314f8b85bc78d1bf28b9e6,2022-02-16_07-13-15,1644991995,1020.7714984416962,1815339,c4140,140.77.78.79,1020.7714984416962,0,153
0.4722222089767456,6.016857624053955,False,,,154,7f1b7_00392,ae231d761c314f8b85bc78d1bf28b9e6,2022-02-16_07-13-21,1644992001,1026.7883560657501,1815339,c4140,140.77.78.79,1026.7883560657501,0,154
0.4722222089767456,6.879015684127808,False,,,155,7f1b7_00392,ae231d761c314f8b85bc78d1bf28b9e6,2022-02-16_07-13-28,1644992008,1033.667371749878,1815339,c4140,140.77.78.79,1033.667371749878,0,155
0.4722222089767456,6.353185415267944,False,,,156,7f1b7_00392,ae231d761c314f8b85bc78d1bf28b9e6,2022-02-16_07-13-34,1644992014,1040.0205571651459,1815339,c4140,140.77.78.79,1040.0205571651459,0,156
0.4722222089767456,6.475752115249634,False,,,157,7f1b7_00392,ae231d761c314f8b85bc78d1bf28b9e6,2022-02-16_07-13-41,1644992021,1046.4963092803955,1815339,c4140,140.77.78.79,1046.4963092803955,0,157
0.4722222089767456,9.951144695281982,False,,,158,7f1b7_00392,ae231d761c314f8b85bc78d1bf28b9e6,2022-02-16_07-13-50,1644992030,1056.4474539756775,1815339,c4140,140.77.78.79,1056.4474539756775,0,158
0.4722222089767456,6.550861358642578,False,,,159,7f1b7_00392,ae231d761c314f8b85bc78d1bf28b9e6,2022-02-16_07-13-57,1644992037,1062.99831533432,1815339,c4140,140.77.78.79,1062.99831533432,0,159
0.4722222089767456,6.609501838684082,False,,,160,7f1b7_00392,ae231d761c314f8b85bc78d1bf28b9e6,2022-02-16_07-14-04,1644992044,1069.6078171730042,1815339,c4140,140.77.78.79,1069.6078171730042,0,160
0.4722222089767456,6.213789701461792,False,,,161,7f1b7_00392,ae231d761c314f8b85bc78d1bf28b9e6,2022-02-16_07-14-10,1644992050,1075.821606874466,1815339,c4140,140.77.78.79,1075.821606874466,0,161
0.4722222089767456,7.268052339553833,False,,,162,7f1b7_00392,ae231d761c314f8b85bc78d1bf28b9e6,2022-02-16_07-14-17,1644992057,1083.0896592140198,1815339,c4140,140.77.78.79,1083.0896592140198,0,162
0.4722222089767456,7.149224281311035,False,,,163,7f1b7_00392,ae231d761c314f8b85bc78d1bf28b9e6,2022-02-16_07-14-24,1644992064,1090.2388834953308,1815339,c4140,140.77.78.79,1090.2388834953308,0,163
0.4722222089767456,6.462795972824097,False,,,164,7f1b7_00392,ae231d761c314f8b85bc78d1bf28b9e6,2022-02-16_07-14-31,1644992071,1096.701679468155,1815339,c4140,140.77.78.79,1096.701679468155,0,164
0.4722222089767456,7.042504072189331,False,,,165,7f1b7_00392,ae231d761c314f8b85bc78d1bf28b9e6,2022-02-16_07-14-38,1644992078,1103.7441835403442,1815339,c4140,140.77.78.79,1103.7441835403442,0,165
0.4722222089767456,6.628429651260376,False,,,166,7f1b7_00392,ae231d761c314f8b85bc78d1bf28b9e6,2022-02-16_07-14-44,1644992084,1110.3726131916046,1815339,c4140,140.77.78.79,1110.3726131916046,0,166
0.4722222089767456,6.772367000579834,False,,,167,7f1b7_00392,ae231d761c314f8b85bc78d1bf28b9e6,2022-02-16_07-14-51,1644992091,1117.1449801921844,1815339,c4140,140.77.78.79,1117.1449801921844,0,167
0.4722222089767456,6.657527685165405,False,,,168,7f1b7_00392,ae231d761c314f8b85bc78d1bf28b9e6,2022-02-16_07-14-58,1644992098,1123.8025078773499,1815339,c4140,140.77.78.79,1123.8025078773499,0,168
0.4722222089767456,8.834986448287964,False,,,169,7f1b7_00392,ae231d761c314f8b85bc78d1bf28b9e6,2022-02-16_07-15-07,1644992107,1132.6374943256378,1815339,c4140,140.77.78.79,1132.6374943256378,0,169
0.4722222089767456,6.7570037841796875,False,,,170,7f1b7_00392,ae231d761c314f8b85bc78d1bf28b9e6,2022-02-16_07-15-13,1644992113,1139.3944981098175,1815339,c4140,140.77.78.79,1139.3944981098175,0,170
0.4722222089767456,6.689880609512329,False,,,171,7f1b7_00392,ae231d761c314f8b85bc78d1bf28b9e6,2022-02-16_07-15-20,1644992120,1146.0843787193298,1815339,c4140,140.77.78.79,1146.0843787193298,0,171
0.4722222089767456,6.723918914794922,False,,,172,7f1b7_00392,ae231d761c314f8b85bc78d1bf28b9e6,2022-02-16_07-15-27,1644992127,1152.8082976341248,1815339,c4140,140.77.78.79,1152.8082976341248,0,172
0.4722222089767456,6.4779136180877686,False,,,173,7f1b7_00392,ae231d761c314f8b85bc78d1bf28b9e6,2022-02-16_07-15-33,1644992133,1159.2862112522125,1815339,c4140,140.77.78.79,1159.2862112522125,0,173
0.4722222089767456,7.246723651885986,False,,,174,7f1b7_00392,ae231d761c314f8b85bc78d1bf28b9e6,2022-02-16_07-15-41,1644992141,1166.5329349040985,1815339,c4140,140.77.78.79,1166.5329349040985,0,174
0.4722222089767456,6.652334451675415,False,,,175,7f1b7_00392,ae231d761c314f8b85bc78d1bf28b9e6,2022-02-16_07-15-47,1644992147,1173.185269355774,1815339,c4140,140.77.78.79,1173.185269355774,0,175
0.4722222089767456,6.915835380554199,False,,,176,7f1b7_00392,ae231d761c314f8b85bc78d1bf28b9e6,2022-02-16_07-15-54,1644992154,1180.1011047363281,1815339,c4140,140.77.78.79,1180.1011047363281,0,176
0.4722222089767456,6.701905727386475,False,,,177,7f1b7_00392,ae231d761c314f8b85bc78d1bf28b9e6,2022-02-16_07-16-01,1644992161,1186.8030104637146,1815339,c4140,140.77.78.79,1186.8030104637146,0,177
0.4722222089767456,6.7171409130096436,False,,,178,7f1b7_00392,ae231d761c314f8b85bc78d1bf28b9e6,2022-02-16_07-16-08,1644992168,1193.5201513767242,1815339,c4140,140.77.78.79,1193.5201513767242,0,178
0.4722222089767456,6.678100109100342,False,,,179,7f1b7_00392,ae231d761c314f8b85bc78d1bf28b9e6,2022-02-16_07-16-14,1644992174,1200.1982514858246,1815339,c4140,140.77.78.79,1200.1982514858246,0,179
0.4722222089767456,6.48358941078186,False,,,180,7f1b7_00392,ae231d761c314f8b85bc78d1bf28b9e6,2022-02-16_07-16-21,1644992181,1206.6818408966064,1815339,c4140,140.77.78.79,1206.6818408966064,0,180
0.4722222089767456,7.047768831253052,False,,,181,7f1b7_00392,ae231d761c314f8b85bc78d1bf28b9e6,2022-02-16_07-16-28,1644992188,1213.7296097278595,1815339,c4140,140.77.78.79,1213.7296097278595,0,181
0.4722222089767456,5.910065174102783,False,,,182,7f1b7_00392,ae231d761c314f8b85bc78d1bf28b9e6,2022-02-16_07-16-34,1644992194,1219.6396749019623,1815339,c4140,140.77.78.79,1219.6396749019623,0,182
0.4722222089767456,9.340057134628296,False,,,183,7f1b7_00392,ae231d761c314f8b85bc78d1bf28b9e6,2022-02-16_07-16-43,1644992203,1228.9797320365906,1815339,c4140,140.77.78.79,1228.9797320365906,0,183
0.4722222089767456,6.660271883010864,False,,,184,7f1b7_00392,ae231d761c314f8b85bc78d1bf28b9e6,2022-02-16_07-16-50,1644992210,1235.6400039196014,1815339,c4140,140.77.78.79,1235.6400039196014,0,184
0.4722222089767456,7.301814556121826,False,,,185,7f1b7_00392,ae231d761c314f8b85bc78d1bf28b9e6,2022-02-16_07-16-57,1644992217,1242.9418184757233,1815339,c4140,140.77.78.79,1242.9418184757233,0,185
0.4722222089767456,7.125662803649902,False,,,186,7f1b7_00392,ae231d761c314f8b85bc78d1bf28b9e6,2022-02-16_07-17-04,1644992224,1250.0674812793732,1815339,c4140,140.77.78.79,1250.0674812793732,0,186
0.4722222089767456,7.141287803649902,False,,,187,7f1b7_00392,ae231d761c314f8b85bc78d1bf28b9e6,2022-02-16_07-17-11,1644992231,1257.208769083023,1815339,c4140,140.77.78.79,1257.208769083023,0,187
0.4722222089767456,7.1486639976501465,False,,,188,7f1b7_00392,ae231d761c314f8b85bc78d1bf28b9e6,2022-02-16_07-17-18,1644992238,1264.3574330806732,1815339,c4140,140.77.78.79,1264.3574330806732,0,188
0.4722222089767456,7.087141275405884,False,,,189,7f1b7_00392,ae231d761c314f8b85bc78d1bf28b9e6,2022-02-16_07-17-25,1644992245,1271.444574356079,1815339,c4140,140.77.78.79,1271.444574356079,0,189
0.4722222089767456,6.748694658279419,False,,,190,7f1b7_00392,ae231d761c314f8b85bc78d1bf28b9e6,2022-02-16_07-17-32,1644992252,1278.1932690143585,1815339,c4140,140.77.78.79,1278.1932690143585,0,190
0.4722222089767456,6.229954481124878,False,,,191,7f1b7_00392,ae231d761c314f8b85bc78d1bf28b9e6,2022-02-16_07-17-38,1644992258,1284.4232234954834,1815339,c4140,140.77.78.79,1284.4232234954834,0,191
0.4722222089767456,7.7065558433532715,False,,,192,7f1b7_00392,ae231d761c314f8b85bc78d1bf28b9e6,2022-02-16_07-17-46,1644992266,1292.1297793388367,1815339,c4140,140.77.78.79,1292.1297793388367,0,192
0.4722222089767456,6.277157545089722,False,,,193,7f1b7_00392,ae231d761c314f8b85bc78d1bf28b9e6,2022-02-16_07-17-52,1644992272,1298.4069368839264,1815339,c4140,140.77.78.79,1298.4069368839264,0,193
0.4722222089767456,6.217420816421509,False,,,194,7f1b7_00392,ae231d761c314f8b85bc78d1bf28b9e6,2022-02-16_07-17-59,1644992279,1304.624357700348,1815339,c4140,140.77.78.79,1304.624357700348,0,194
0.4722222089767456,6.483375072479248,False,,,195,7f1b7_00392,ae231d761c314f8b85bc78d1bf28b9e6,2022-02-16_07-18-05,1644992285,1311.1077327728271,1815339,c4140,140.77.78.79,1311.1077327728271,0,195
0.4722222089767456,6.675055742263794,False,,,196,7f1b7_00392,ae231d761c314f8b85bc78d1bf28b9e6,2022-02-16_07-18-12,1644992292,1317.782788515091,1815339,c4140,140.77.78.79,1317.782788515091,0,196
0.4722222089767456,7.016353130340576,False,,,197,7f1b7_00392,ae231d761c314f8b85bc78d1bf28b9e6,2022-02-16_07-18-19,1644992299,1324.7991416454315,1815339,c4140,140.77.78.79,1324.7991416454315,0,197
0.4722222089767456,6.79878306388855,False,,,198,7f1b7_00392,ae231d761c314f8b85bc78d1bf28b9e6,2022-02-16_07-18-26,1644992306,1331.59792470932,1815339,c4140,140.77.78.79,1331.59792470932,0,198
0.4722222089767456,6.674843072891235,False,,,199,7f1b7_00392,ae231d761c314f8b85bc78d1bf28b9e6,2022-02-16_07-18-32,1644992312,1338.2727677822113,1815339,c4140,140.77.78.79,1338.2727677822113,0,199
0.4722222089767456,6.978055715560913,True,,,200,7f1b7_00392,ae231d761c314f8b85bc78d1bf28b9e6,2022-02-16_07-18-39,1644992319,1345.2508234977722,1815339,c4140,140.77.78.79,1345.2508234977722,0,200
